doc_id,title,content,category
doc_001,Installation Guide for v1.0,"This guide details the steps to install version 1.0 of our software on Linux, Windows, and macOS. Ensure you have Python 3.8+ installed.",Installation
doc_002,Troubleshooting Network Issues,"Common network issues include firewall blocks, incorrect IP addresses, and DNS resolution failures. Check your network settings and logs.",Troubleshooting
doc_003,API Reference: User Authentication,"The /auth endpoint allows users to log in and receive an access token. Requires username and password in JSON body.",API Reference
doc_004,Getting Started with Data Processing,"Begin your journey with data processing by understanding data loading, cleaning, and basic transformation techniques using Pandas.",Getting Started
doc_005,Configuration File Syntax,"Configuration files use YAML format. Key-value pairs define application behavior. Refer to schema for valid options.",Configuration
doc_006,Tutorial: Building Your First App,"Follow this tutorial to create a simple 'Hello World' application using our framework. It covers project setup and basic routing.",Tutorials
doc_007,Database Connection Setup,"To connect to the database, update the `database.ini` file with your host, port, username, and password. Supports PostgreSQL and MySQL.",Installation
doc_008,Error Codes Explained,"Error code 401 indicates unauthorized access. Code 500 is an internal server error. Consult the full list for details.",Troubleshooting
doc_009,API Reference: Data Retrieval,"Use the /data endpoint to retrieve user-specific data. Supports filtering by date range and user ID. Authentication required.",API Reference
doc_010,Quick Start for Developers,"New developers can quickly get started by cloning the repository, installing dependencies, and running the local server.",Getting Started
doc_011,Advanced Configuration Options,"Explore advanced configuration options like caching, load balancing, and environment-specific settings in the `config_advanced.yaml`.",Configuration
doc_012,Deployment Checklist,"Before deploying to production, ensure all tests pass, environment variables are set, and monitoring is configured.",Tutorials
doc_013,Security Best Practices,"Implement strong password policies, use HTTPS, and regularly update dependencies to maintain application security.",Installation
doc_014,Performance Tuning Tips,"Optimize database queries, use caching mechanisms, and scale horizontally to improve application performance.",Troubleshooting
doc_015,API Reference: Error Handling,"API error responses follow a standard JSON format with `code`, `message`, and `details` fields for easier debugging.",API Reference
doc_016,User Interface Customization,"Customize the look and feel of your application by modifying CSS files and theme settings in the `ui` directory.",Getting Started
doc_017,Logging and Monitoring,"Set up logging to capture application events and errors. Use monitoring tools to track performance metrics and alerts.",Configuration
doc_018,Backup and Restore Procedures,"Regularly back up your database and application files. Test restore procedures to ensure data integrity.",Tutorials
doc_019,Command Line Interface Usage,"Our CLI tool provides commands for managing projects, deploying, and interacting with the API. Run `mycli --help` for options.",Installation
doc_020,Integrating with Third-Party Services,"Learn how to integrate our platform with popular third-party services like Slack, GitHub, and payment gateways.",Troubleshooting
doc_021,Version Control with Git,"Understand basic Git commands: `clone`, `add`, `commit`, `push`, `pull`, and `branch` for collaborative development.",API Reference
doc_022,Testing Your Application,"Write unit tests, integration tests, and end-to-end tests to ensure the quality and reliability of your code.",Getting Started
doc_023,Debugging Common Problems,"Common debugging problems include incorrect variable values, infinite loops, and unhandled exceptions. Use a debugger.",Configuration
doc_024,Scalability Considerations,"Design your application for scalability by using stateless components, message queues, and horizontal scaling strategies.",Tutorials
doc_025,Release Notes for v1.1,"This release introduces new features like dark mode, improved search, and bug fixes for reported issues in v1.0.",Installation